{"cameraMode":{"drawMode":0,"name":"Shaded","section":"Shading Mode"},"sceneLighting":false,"audioPlay":false,"sceneViewState":{"m_AlwaysRefresh":false,"showFog":false,"showSkybox":false,"showFlares":false,"showImageEffects":false,"showParticleSystems":false,"showVisualEffectGraphs":true,"m_FxEnabled":true},"in2DMode":false,"pivot":{"x":0.07864880561828613,"y":0.6951643228530884,"z":0.0009004473686218262},"rotation":{"x":0.25977206230163576,"y":0.013032035902142525,"z":-0.003506271867081523,"w":0.9655803442001343},"size":1.5498995780944825,"orthographic":false}