{"cameraMode":{"drawMode":0,"name":"Shaded","section":"Shading Mode"},"sceneLighting":false,"audioPlay":false,"sceneViewState":{"m_AlwaysRefresh":false,"showFog":false,"showSkybox":false,"showFlares":false,"showImageEffects":false,"showParticleSystems":false,"showVisualEffectGraphs":true,"m_FxEnabled":true},"in2DMode":false,"pivot":{"x":0.9318729043006897,"y":0.2771352529525757,"z":-0.09905672073364258},"rotation":{"x":0.12108300626277924,"y":-0.7631688117980957,"z":0.14978449046611787,"w":0.6168757081031799},"size":2.5098369121551515,"orthographic":false}