{"cameraMode":{"drawMode":0,"name":"Shaded","section":"Shading Mode"},"sceneLighting":false,"audioPlay":false,"sceneViewState":{"m_AlwaysRefresh":false,"showFog":false,"showSkybox":false,"showFlares":false,"showImageEffects":false,"showParticleSystems":false,"showVisualEffectGraphs":true,"m_FxEnabled":true},"in2DMode":false,"pivot":{"x":3.367884397506714,"y":1.3750848770141602,"z":-2.0789661407470705},"rotation":{"x":0.13391612470149995,"y":-0.30674225091934206,"z":0.043626170605421069,"w":0.9413368701934815},"size":3.5251641273498537,"orthographic":false}