{"cameraMode":{"drawMode":0,"name":"Shaded","section":"Shading Mode"},"sceneLighting":false,"audioPlay":false,"sceneViewState":{"m_AlwaysRefresh":true,"showFog":false,"showSkybox":false,"showFlares":true,"showImageEffects":true,"showParticleSystems":true,"showVisualEffectGraphs":true,"m_FxEnabled":true},"in2DMode":false,"pivot":{"x":3.685878276824951,"y":-9.713970184326172,"z":1.0558772087097169},"rotation":{"x":0.015260758809745312,"y":-0.8952176570892334,"z":0.44114094972610476,"w":0.06251586973667145},"size":10.490639686584473,"orthographic":false}