{"cameraMode":{"drawMode":0,"name":"Shaded","section":"Shading Mode"},"sceneLighting":false,"audioPlay":false,"sceneViewState":{"showFog":false,"showMaterialUpdate":false,"showSkybox":false,"showFlares":false,"showImageEffects":false,"showParticleSystems":false},"in2DMode":false,"pivot":{"x":2.797416925430298,"y":1.0799999237060547,"z":11.135680198669434},"rotation":{"x":-0.03174838423728943,"y":0.7125012278556824,"z":-0.032305143773555759,"w":-0.7002099752426148},"size":3.6247448921203615,"orthographic":false}