{"cameraMode":{"drawMode":0,"name":"Shaded","section":"Shading Mode"},"sceneLighting":false,"audioPlay":false,"sceneViewState":{"showFog":false,"showMaterialUpdate":false,"showSkybox":false,"showFlares":false,"showImageEffects":false,"showParticleSystems":false},"in2DMode":false,"pivot":{"x":-1.3957951068878174,"y":0.36138251423835757,"z":1.4048879146575928},"rotation":{"x":0.0065876757726073269,"y":0.8899761438369751,"z":-0.45588698983192446,"w":0.012832862325012684},"size":2.241020917892456,"orthographic":false}