{"cameraMode":{"drawMode":0,"name":"Shaded","section":"Shading Mode"},"sceneLighting":false,"audioPlay":false,"sceneViewState":{"showFog":false,"showMaterialUpdate":false,"showSkybox":false,"showFlares":false,"showImageEffects":false,"showParticleSystems":false},"in2DMode":false,"pivot":{"x":-0.4370255470275879,"y":3.40051007270813,"z":-0.060830116271972659},"rotation":{"x":0.30350765585899355,"y":-0.012018095701932907,"z":0.0038829173427075149,"w":0.9527469277381897},"size":8.356524467468262,"orthographic":false}