{"cameraMode":{"drawMode":0,"name":"Shaded","section":"Shading Mode"},"sceneLighting":false,"audioPlay":false,"sceneViewState":{"showFog":false,"showMaterialUpdate":false,"showSkybox":false,"showFlares":false,"showImageEffects":false,"showParticleSystems":false},"in2DMode":false,"pivot":{"x":-0.4541435241699219,"y":1.046994686126709,"z":-2.8593838214874269},"rotation":{"x":0.48501044511795046,"y":-0.012340468354523182,"z":0.006879935506731272,"w":0.8744630217552185},"size":7.02622652053833,"orthographic":false}