{"cameraMode":{"drawMode":0,"name":"Shaded","section":"Shading Mode"},"sceneLighting":false,"audioPlay":false,"sceneViewState":{"showFog":false,"showMaterialUpdate":false,"showSkybox":false,"showFlares":false,"showImageEffects":false,"showParticleSystems":false},"in2DMode":false,"pivot":{"x":8.168357849121094,"y":1.3932619094848633,"z":14.027198791503907},"rotation":{"x":0.1184171512722969,"y":0.10788749158382416,"z":-0.012896774336695671,"w":0.9870172739028931},"size":15.907584190368653,"orthographic":false}