{"cameraMode":{"drawMode":0,"name":"Shaded","section":"Shading Mode"},"sceneLighting":false,"audioPlay":false,"sceneViewState":{"showFog":false,"showMaterialUpdate":false,"showSkybox":false,"showFlares":false,"showImageEffects":false,"showParticleSystems":false},"in2DMode":false,"pivot":{"x":5.435878276824951,"y":5.28602933883667,"z":1.29587721824646},"rotation":{"x":0.0065876757726073269,"y":0.8899761438369751,"z":-0.45588698983192446,"w":0.012832862325012684},"size":10.490639686584473,"orthographic":false}