{"cameraMode":{"drawMode":0,"name":"Shaded","section":"Shading Mode"},"sceneLighting":false,"audioPlay":false,"sceneViewState":{"showFog":false,"showMaterialUpdate":false,"showSkybox":false,"showFlares":false,"showImageEffects":false,"showParticleSystems":false},"in2DMode":false,"pivot":{"x":-1.6436091661453248,"y":4.17095947265625,"z":0.939805269241333},"rotation":{"x":0.37054288387298586,"y":-0.03064660355448723,"z":0.012234430760145188,"w":0.9282322525978088},"size":9.68193244934082,"orthographic":false}