{"cameraMode":{"drawMode":0,"name":"Shaded","section":"Shading Mode"},"sceneLighting":false,"audioPlay":false,"sceneViewState":{"m_AlwaysRefresh":false,"showFog":false,"showSkybox":false,"showFlares":false,"showImageEffects":false,"showParticleSystems":false,"showVisualEffectGraphs":true,"m_FxEnabled":true},"in2DMode":false,"pivot":{"x":0.025799989700317384,"y":1.8737713098526,"z":0.00029540061950683594},"rotation":{"x":0.25977206230163576,"y":0.013032035902142525,"z":-0.003506271867081523,"w":0.9655803442001343},"size":4.133065700531006,"orthographic":false}