{"cameraMode":{"drawMode":0,"name":"Shaded","section":"Shading Mode"},"sceneLighting":false,"audioPlay":false,"sceneViewState":{"m_AlwaysRefresh":false,"showFog":false,"showSkybox":false,"showFlares":false,"showImageEffects":false,"showParticleSystems":false,"showVisualEffectGraphs":true,"m_FxEnabled":true},"in2DMode":false,"pivot":{"x":0.14191055297851563,"y":0.12104561924934387,"z":0.03813743591308594},"rotation":{"x":0.12108300626277924,"y":-0.7631688117980957,"z":0.14978449046611787,"w":0.6168757081031799},"size":1.970560908317566,"orthographic":false}