{"cameraMode":{"drawMode":0,"name":"Shaded","section":"Shading Mode"},"sceneLighting":false,"audioPlay":false,"sceneViewState":{"m_AlwaysRefresh":true,"showFog":false,"showSkybox":false,"showFlares":true,"showImageEffects":true,"showParticleSystems":true,"showVisualEffectGraphs":true,"m_FxEnabled":true},"in2DMode":false,"pivot":{"x":-2.4896953105926515,"y":-22.37140464782715,"z":-12.225813865661621},"rotation":{"x":-0.0055703697726130489,"y":-0.9341665506362915,"z":0.35617953538894656,"w":0.02446114644408226},"size":10.490639686584473,"orthographic":false}